Producto,Cantidad Vendida,Ganancia Total
CAM001,99.0,3558.1099999999997
CAM002,85.0,4703.41
CAM003,44.0,1498.8600000000001
CAM004,109.0,5456.93
CAM005,55.0,2319.76
